--
-- PostgreSQL database dump
--

-- Dumped from database version 17.4 (Debian 17.4-1.pgdg120+2)
-- Dumped by pg_dump version 17.4

SET statement_timeout = 0;
SET lock_timeout = 0;
SET idle_in_transaction_session_timeout = 0;
SET transaction_timeout = 0;
SET client_encoding = 'UTF8';
SET standard_conforming_strings = on;
SELECT pg_catalog.set_config('search_path', '', false);
SET check_function_bodies = false;
SET xmloption = content;
SET client_min_messages = warning;
SET row_security = off;

SET default_tablespace = '';

SET default_table_access_method = heap;

--
-- Name: auth_group; Type: TABLE; Schema: public; Owner: postgres
--

CREATE TABLE public.auth_group (
    id integer NOT NULL,
    name character varying(150) NOT NULL
);


ALTER TABLE public.auth_group OWNER TO postgres;

--
-- Name: auth_group_id_seq; Type: SEQUENCE; Schema: public; Owner: postgres
--

ALTER TABLE public.auth_group ALTER COLUMN id ADD GENERATED BY DEFAULT AS IDENTITY (
    SEQUENCE NAME public.auth_group_id_seq
    START WITH 1
    INCREMENT BY 1
    NO MINVALUE
    NO MAXVALUE
    CACHE 1
);


--
-- Name: auth_group_permissions; Type: TABLE; Schema: public; Owner: postgres
--

CREATE TABLE public.auth_group_permissions (
    id bigint NOT NULL,
    group_id integer NOT NULL,
    permission_id integer NOT NULL
);


ALTER TABLE public.auth_group_permissions OWNER TO postgres;

--
-- Name: auth_group_permissions_id_seq; Type: SEQUENCE; Schema: public; Owner: postgres
--

ALTER TABLE public.auth_group_permissions ALTER COLUMN id ADD GENERATED BY DEFAULT AS IDENTITY (
    SEQUENCE NAME public.auth_group_permissions_id_seq
    START WITH 1
    INCREMENT BY 1
    NO MINVALUE
    NO MAXVALUE
    CACHE 1
);


--
-- Name: auth_permission; Type: TABLE; Schema: public; Owner: postgres
--

CREATE TABLE public.auth_permission (
    id integer NOT NULL,
    name character varying(255) NOT NULL,
    content_type_id integer NOT NULL,
    codename character varying(100) NOT NULL
);


ALTER TABLE public.auth_permission OWNER TO postgres;

--
-- Name: auth_permission_id_seq; Type: SEQUENCE; Schema: public; Owner: postgres
--

ALTER TABLE public.auth_permission ALTER COLUMN id ADD GENERATED BY DEFAULT AS IDENTITY (
    SEQUENCE NAME public.auth_permission_id_seq
    START WITH 1
    INCREMENT BY 1
    NO MINVALUE
    NO MAXVALUE
    CACHE 1
);


--
-- Name: auth_user; Type: TABLE; Schema: public; Owner: postgres
--

CREATE TABLE public.auth_user (
    id integer NOT NULL,
    password character varying(128) NOT NULL,
    last_login timestamp with time zone,
    is_superuser boolean NOT NULL,
    username character varying(150) NOT NULL,
    first_name character varying(150) NOT NULL,
    last_name character varying(150) NOT NULL,
    email character varying(254) NOT NULL,
    is_staff boolean NOT NULL,
    is_active boolean NOT NULL,
    date_joined timestamp with time zone NOT NULL
);


ALTER TABLE public.auth_user OWNER TO postgres;

--
-- Name: auth_user_groups; Type: TABLE; Schema: public; Owner: postgres
--

CREATE TABLE public.auth_user_groups (
    id bigint NOT NULL,
    user_id integer NOT NULL,
    group_id integer NOT NULL
);


ALTER TABLE public.auth_user_groups OWNER TO postgres;

--
-- Name: auth_user_groups_id_seq; Type: SEQUENCE; Schema: public; Owner: postgres
--

ALTER TABLE public.auth_user_groups ALTER COLUMN id ADD GENERATED BY DEFAULT AS IDENTITY (
    SEQUENCE NAME public.auth_user_groups_id_seq
    START WITH 1
    INCREMENT BY 1
    NO MINVALUE
    NO MAXVALUE
    CACHE 1
);


--
-- Name: auth_user_id_seq; Type: SEQUENCE; Schema: public; Owner: postgres
--

ALTER TABLE public.auth_user ALTER COLUMN id ADD GENERATED BY DEFAULT AS IDENTITY (
    SEQUENCE NAME public.auth_user_id_seq
    START WITH 1
    INCREMENT BY 1
    NO MINVALUE
    NO MAXVALUE
    CACHE 1
);


--
-- Name: auth_user_user_permissions; Type: TABLE; Schema: public; Owner: postgres
--

CREATE TABLE public.auth_user_user_permissions (
    id bigint NOT NULL,
    user_id integer NOT NULL,
    permission_id integer NOT NULL
);


ALTER TABLE public.auth_user_user_permissions OWNER TO postgres;

--
-- Name: auth_user_user_permissions_id_seq; Type: SEQUENCE; Schema: public; Owner: postgres
--

ALTER TABLE public.auth_user_user_permissions ALTER COLUMN id ADD GENERATED BY DEFAULT AS IDENTITY (
    SEQUENCE NAME public.auth_user_user_permissions_id_seq
    START WITH 1
    INCREMENT BY 1
    NO MINVALUE
    NO MAXVALUE
    CACHE 1
);


--
-- Name: django_admin_log; Type: TABLE; Schema: public; Owner: postgres
--

CREATE TABLE public.django_admin_log (
    id integer NOT NULL,
    action_time timestamp with time zone NOT NULL,
    object_id text,
    object_repr character varying(200) NOT NULL,
    action_flag smallint NOT NULL,
    change_message text NOT NULL,
    content_type_id integer,
    user_id integer NOT NULL,
    CONSTRAINT django_admin_log_action_flag_check CHECK ((action_flag >= 0))
);


ALTER TABLE public.django_admin_log OWNER TO postgres;

--
-- Name: django_admin_log_id_seq; Type: SEQUENCE; Schema: public; Owner: postgres
--

ALTER TABLE public.django_admin_log ALTER COLUMN id ADD GENERATED BY DEFAULT AS IDENTITY (
    SEQUENCE NAME public.django_admin_log_id_seq
    START WITH 1
    INCREMENT BY 1
    NO MINVALUE
    NO MAXVALUE
    CACHE 1
);


--
-- Name: django_content_type; Type: TABLE; Schema: public; Owner: postgres
--

CREATE TABLE public.django_content_type (
    id integer NOT NULL,
    app_label character varying(100) NOT NULL,
    model character varying(100) NOT NULL
);


ALTER TABLE public.django_content_type OWNER TO postgres;

--
-- Name: django_content_type_id_seq; Type: SEQUENCE; Schema: public; Owner: postgres
--

ALTER TABLE public.django_content_type ALTER COLUMN id ADD GENERATED BY DEFAULT AS IDENTITY (
    SEQUENCE NAME public.django_content_type_id_seq
    START WITH 1
    INCREMENT BY 1
    NO MINVALUE
    NO MAXVALUE
    CACHE 1
);


--
-- Name: django_migrations; Type: TABLE; Schema: public; Owner: postgres
--

CREATE TABLE public.django_migrations (
    id bigint NOT NULL,
    app character varying(255) NOT NULL,
    name character varying(255) NOT NULL,
    applied timestamp with time zone NOT NULL
);


ALTER TABLE public.django_migrations OWNER TO postgres;

--
-- Name: django_migrations_id_seq; Type: SEQUENCE; Schema: public; Owner: postgres
--

ALTER TABLE public.django_migrations ALTER COLUMN id ADD GENERATED BY DEFAULT AS IDENTITY (
    SEQUENCE NAME public.django_migrations_id_seq
    START WITH 1
    INCREMENT BY 1
    NO MINVALUE
    NO MAXVALUE
    CACHE 1
);


--
-- Name: django_session; Type: TABLE; Schema: public; Owner: postgres
--

CREATE TABLE public.django_session (
    session_key character varying(40) NOT NULL,
    session_data text NOT NULL,
    expire_date timestamp with time zone NOT NULL
);


ALTER TABLE public.django_session OWNER TO postgres;

--
-- Name: ips_choosemyselfdata; Type: TABLE; Schema: public; Owner: postgres
--

CREATE TABLE public.ips_choosemyselfdata (
    id bigint NOT NULL,
    account_owner character varying(255) NOT NULL,
    account_type character varying(50) NOT NULL,
    amount numeric(15,2) NOT NULL,
    strategy text NOT NULL,
    user_id integer NOT NULL,
    version_number character varying(50) NOT NULL
);


ALTER TABLE public.ips_choosemyselfdata OWNER TO postgres;

--
-- Name: ips_choosemyselfdata_id_seq; Type: SEQUENCE; Schema: public; Owner: postgres
--

ALTER TABLE public.ips_choosemyselfdata ALTER COLUMN id ADD GENERATED BY DEFAULT AS IDENTITY (
    SEQUENCE NAME public.ips_choosemyselfdata_id_seq
    START WITH 1
    INCREMENT BY 1
    NO MINVALUE
    NO MAXVALUE
    CACHE 1
);


--
-- Name: ips_letpmchoosedata; Type: TABLE; Schema: public; Owner: postgres
--

CREATE TABLE public.ips_letpmchoosedata (
    id bigint NOT NULL,
    account_owner character varying(255) NOT NULL,
    account_type character varying(255) NOT NULL,
    amount numeric(15,2) NOT NULL,
    "timestamp" timestamp with time zone NOT NULL,
    user_id integer NOT NULL,
    additional_info character varying(255)
);


ALTER TABLE public.ips_letpmchoosedata OWNER TO postgres;

--
-- Name: ips_letpmchoosedata_id_seq; Type: SEQUENCE; Schema: public; Owner: postgres
--

ALTER TABLE public.ips_letpmchoosedata ALTER COLUMN id ADD GENERATED BY DEFAULT AS IDENTITY (
    SEQUENCE NAME public.ips_letpmchoosedata_id_seq
    START WITH 1
    INCREMENT BY 1
    NO MINVALUE
    NO MAXVALUE
    CACHE 1
);


--
-- Name: ips_profile; Type: TABLE; Schema: public; Owner: postgres
--

CREATE TABLE public.ips_profile (
    id bigint NOT NULL,
    is_approved boolean NOT NULL,
    user_id integer NOT NULL
);


ALTER TABLE public.ips_profile OWNER TO postgres;

--
-- Name: ips_profile_id_seq; Type: SEQUENCE; Schema: public; Owner: postgres
--

ALTER TABLE public.ips_profile ALTER COLUMN id ADD GENERATED BY DEFAULT AS IDENTITY (
    SEQUENCE NAME public.ips_profile_id_seq
    START WITH 1
    INCREMENT BY 1
    NO MINVALUE
    NO MAXVALUE
    CACHE 1
);


--
-- Name: ips_questionnaireresponse; Type: TABLE; Schema: public; Owner: postgres
--

CREATE TABLE public.ips_questionnaireresponse (
    id bigint NOT NULL,
    question character varying(255) NOT NULL,
    answer character varying(255),
    score integer NOT NULL,
    user_id integer NOT NULL
);


ALTER TABLE public.ips_questionnaireresponse OWNER TO postgres;

--
-- Name: ips_questionnaireresponse_id_seq; Type: SEQUENCE; Schema: public; Owner: postgres
--

ALTER TABLE public.ips_questionnaireresponse ALTER COLUMN id ADD GENERATED BY DEFAULT AS IDENTITY (
    SEQUENCE NAME public.ips_questionnaireresponse_id_seq
    START WITH 1
    INCREMENT BY 1
    NO MINVALUE
    NO MAXVALUE
    CACHE 1
);


--
-- Name: auth_group auth_group_name_key; Type: CONSTRAINT; Schema: public; Owner: postgres
--

ALTER TABLE ONLY public.auth_group
    ADD CONSTRAINT auth_group_name_key UNIQUE (name);


--
-- Name: auth_group_permissions auth_group_permissions_group_id_permission_id_0cd325b0_uniq; Type: CONSTRAINT; Schema: public; Owner: postgres
--

ALTER TABLE ONLY public.auth_group_permissions
    ADD CONSTRAINT auth_group_permissions_group_id_permission_id_0cd325b0_uniq UNIQUE (group_id, permission_id);


--
-- Name: auth_group_permissions auth_group_permissions_pkey; Type: CONSTRAINT; Schema: public; Owner: postgres
--

ALTER TABLE ONLY public.auth_group_permissions
    ADD CONSTRAINT auth_group_permissions_pkey PRIMARY KEY (id);


--
-- Name: auth_group auth_group_pkey; Type: CONSTRAINT; Schema: public; Owner: postgres
--

ALTER TABLE ONLY public.auth_group
    ADD CONSTRAINT auth_group_pkey PRIMARY KEY (id);


--
-- Name: auth_permission auth_permission_content_type_id_codename_01ab375a_uniq; Type: CONSTRAINT; Schema: public; Owner: postgres
--

ALTER TABLE ONLY public.auth_permission
    ADD CONSTRAINT auth_permission_content_type_id_codename_01ab375a_uniq UNIQUE (content_type_id, codename);


--
-- Name: auth_permission auth_permission_pkey; Type: CONSTRAINT; Schema: public; Owner: postgres
--

ALTER TABLE ONLY public.auth_permission
    ADD CONSTRAINT auth_permission_pkey PRIMARY KEY (id);


--
-- Name: auth_user_groups auth_user_groups_pkey; Type: CONSTRAINT; Schema: public; Owner: postgres
--

ALTER TABLE ONLY public.auth_user_groups
    ADD CONSTRAINT auth_user_groups_pkey PRIMARY KEY (id);


--
-- Name: auth_user_groups auth_user_groups_user_id_group_id_94350c0c_uniq; Type: CONSTRAINT; Schema: public; Owner: postgres
--

ALTER TABLE ONLY public.auth_user_groups
    ADD CONSTRAINT auth_user_groups_user_id_group_id_94350c0c_uniq UNIQUE (user_id, group_id);


--
-- Name: auth_user auth_user_pkey; Type: CONSTRAINT; Schema: public; Owner: postgres
--

ALTER TABLE ONLY public.auth_user
    ADD CONSTRAINT auth_user_pkey PRIMARY KEY (id);


--
-- Name: auth_user_user_permissions auth_user_user_permissions_pkey; Type: CONSTRAINT; Schema: public; Owner: postgres
--

ALTER TABLE ONLY public.auth_user_user_permissions
    ADD CONSTRAINT auth_user_user_permissions_pkey PRIMARY KEY (id);


--
-- Name: auth_user_user_permissions auth_user_user_permissions_user_id_permission_id_14a6b632_uniq; Type: CONSTRAINT; Schema: public; Owner: postgres
--

ALTER TABLE ONLY public.auth_user_user_permissions
    ADD CONSTRAINT auth_user_user_permissions_user_id_permission_id_14a6b632_uniq UNIQUE (user_id, permission_id);


--
-- Name: auth_user auth_user_username_key; Type: CONSTRAINT; Schema: public; Owner: postgres
--

ALTER TABLE ONLY public.auth_user
    ADD CONSTRAINT auth_user_username_key UNIQUE (username);


--
-- Name: django_admin_log django_admin_log_pkey; Type: CONSTRAINT; Schema: public; Owner: postgres
--

ALTER TABLE ONLY public.django_admin_log
    ADD CONSTRAINT django_admin_log_pkey PRIMARY KEY (id);


--
-- Name: django_content_type django_content_type_app_label_model_76bd3d3b_uniq; Type: CONSTRAINT; Schema: public; Owner: postgres
--

ALTER TABLE ONLY public.django_content_type
    ADD CONSTRAINT django_content_type_app_label_model_76bd3d3b_uniq UNIQUE (app_label, model);


--
-- Name: django_content_type django_content_type_pkey; Type: CONSTRAINT; Schema: public; Owner: postgres
--

ALTER TABLE ONLY public.django_content_type
    ADD CONSTRAINT django_content_type_pkey PRIMARY KEY (id);


--
-- Name: django_migrations django_migrations_pkey; Type: CONSTRAINT; Schema: public; Owner: postgres
--

ALTER TABLE ONLY public.django_migrations
    ADD CONSTRAINT django_migrations_pkey PRIMARY KEY (id);


--
-- Name: django_session django_session_pkey; Type: CONSTRAINT; Schema: public; Owner: postgres
--

ALTER TABLE ONLY public.django_session
    ADD CONSTRAINT django_session_pkey PRIMARY KEY (session_key);


--
-- Name: ips_choosemyselfdata ips_choosemyselfdata_pkey; Type: CONSTRAINT; Schema: public; Owner: postgres
--

ALTER TABLE ONLY public.ips_choosemyselfdata
    ADD CONSTRAINT ips_choosemyselfdata_pkey PRIMARY KEY (id);


--
-- Name: ips_letpmchoosedata ips_letpmchoosedata_pkey; Type: CONSTRAINT; Schema: public; Owner: postgres
--

ALTER TABLE ONLY public.ips_letpmchoosedata
    ADD CONSTRAINT ips_letpmchoosedata_pkey PRIMARY KEY (id);


--
-- Name: ips_profile ips_profile_pkey; Type: CONSTRAINT; Schema: public; Owner: postgres
--

ALTER TABLE ONLY public.ips_profile
    ADD CONSTRAINT ips_profile_pkey PRIMARY KEY (id);


--
-- Name: ips_profile ips_profile_user_id_key; Type: CONSTRAINT; Schema: public; Owner: postgres
--

ALTER TABLE ONLY public.ips_profile
    ADD CONSTRAINT ips_profile_user_id_key UNIQUE (user_id);


--
-- Name: ips_questionnaireresponse ips_questionnaireresponse_pkey; Type: CONSTRAINT; Schema: public; Owner: postgres
--

ALTER TABLE ONLY public.ips_questionnaireresponse
    ADD CONSTRAINT ips_questionnaireresponse_pkey PRIMARY KEY (id);


--
-- Name: auth_group_name_a6ea08ec_like; Type: INDEX; Schema: public; Owner: postgres
--

CREATE INDEX auth_group_name_a6ea08ec_like ON public.auth_group USING btree (name varchar_pattern_ops);


--
-- Name: auth_group_permissions_group_id_b120cbf9; Type: INDEX; Schema: public; Owner: postgres
--

CREATE INDEX auth_group_permissions_group_id_b120cbf9 ON public.auth_group_permissions USING btree (group_id);


--
-- Name: auth_group_permissions_permission_id_84c5c92e; Type: INDEX; Schema: public; Owner: postgres
--

CREATE INDEX auth_group_permissions_permission_id_84c5c92e ON public.auth_group_permissions USING btree (permission_id);


--
-- Name: auth_permission_content_type_id_2f476e4b; Type: INDEX; Schema: public; Owner: postgres
--

CREATE INDEX auth_permission_content_type_id_2f476e4b ON public.auth_permission USING btree (content_type_id);


--
-- Name: auth_user_groups_group_id_97559544; Type: INDEX; Schema: public; Owner: postgres
--

CREATE INDEX auth_user_groups_group_id_97559544 ON public.auth_user_groups USING btree (group_id);


--
-- Name: auth_user_groups_user_id_6a12ed8b; Type: INDEX; Schema: public; Owner: postgres
--

CREATE INDEX auth_user_groups_user_id_6a12ed8b ON public.auth_user_groups USING btree (user_id);


--
-- Name: auth_user_user_permissions_permission_id_1fbb5f2c; Type: INDEX; Schema: public; Owner: postgres
--

CREATE INDEX auth_user_user_permissions_permission_id_1fbb5f2c ON public.auth_user_user_permissions USING btree (permission_id);


--
-- Name: auth_user_user_permissions_user_id_a95ead1b; Type: INDEX; Schema: public; Owner: postgres
--

CREATE INDEX auth_user_user_permissions_user_id_a95ead1b ON public.auth_user_user_permissions USING btree (user_id);


--
-- Name: auth_user_username_6821ab7c_like; Type: INDEX; Schema: public; Owner: postgres
--

CREATE INDEX auth_user_username_6821ab7c_like ON public.auth_user USING btree (username varchar_pattern_ops);


--
-- Name: django_admin_log_content_type_id_c4bce8eb; Type: INDEX; Schema: public; Owner: postgres
--

CREATE INDEX django_admin_log_content_type_id_c4bce8eb ON public.django_admin_log USING btree (content_type_id);


--
-- Name: django_admin_log_user_id_c564eba6; Type: INDEX; Schema: public; Owner: postgres
--

CREATE INDEX django_admin_log_user_id_c564eba6 ON public.django_admin_log USING btree (user_id);


--
-- Name: django_session_expire_date_a5c62663; Type: INDEX; Schema: public; Owner: postgres
--

CREATE INDEX django_session_expire_date_a5c62663 ON public.django_session USING btree (expire_date);


--
-- Name: django_session_session_key_c0390e0f_like; Type: INDEX; Schema: public; Owner: postgres
--

CREATE INDEX django_session_session_key_c0390e0f_like ON public.django_session USING btree (session_key varchar_pattern_ops);


--
-- Name: ips_choosemyselfdata_user_id_9c90e3c2; Type: INDEX; Schema: public; Owner: postgres
--

CREATE INDEX ips_choosemyselfdata_user_id_9c90e3c2 ON public.ips_choosemyselfdata USING btree (user_id);


--
-- Name: ips_letpmchoosedata_user_id_587f6224; Type: INDEX; Schema: public; Owner: postgres
--

CREATE INDEX ips_letpmchoosedata_user_id_587f6224 ON public.ips_letpmchoosedata USING btree (user_id);


--
-- Name: ips_questionnaireresponse_user_id_31871649; Type: INDEX; Schema: public; Owner: postgres
--

CREATE INDEX ips_questionnaireresponse_user_id_31871649 ON public.ips_questionnaireresponse USING btree (user_id);


--
-- Name: auth_group_permissions auth_group_permissio_permission_id_84c5c92e_fk_auth_perm; Type: FK CONSTRAINT; Schema: public; Owner: postgres
--

ALTER TABLE ONLY public.auth_group_permissions
    ADD CONSTRAINT auth_group_permissio_permission_id_84c5c92e_fk_auth_perm FOREIGN KEY (permission_id) REFERENCES public.auth_permission(id) DEFERRABLE INITIALLY DEFERRED;


--
-- Name: auth_group_permissions auth_group_permissions_group_id_b120cbf9_fk_auth_group_id; Type: FK CONSTRAINT; Schema: public; Owner: postgres
--

ALTER TABLE ONLY public.auth_group_permissions
    ADD CONSTRAINT auth_group_permissions_group_id_b120cbf9_fk_auth_group_id FOREIGN KEY (group_id) REFERENCES public.auth_group(id) DEFERRABLE INITIALLY DEFERRED;


--
-- Name: auth_permission auth_permission_content_type_id_2f476e4b_fk_django_co; Type: FK CONSTRAINT; Schema: public; Owner: postgres
--

ALTER TABLE ONLY public.auth_permission
    ADD CONSTRAINT auth_permission_content_type_id_2f476e4b_fk_django_co FOREIGN KEY (content_type_id) REFERENCES public.django_content_type(id) DEFERRABLE INITIALLY DEFERRED;


--
-- Name: auth_user_groups auth_user_groups_group_id_97559544_fk_auth_group_id; Type: FK CONSTRAINT; Schema: public; Owner: postgres
--

ALTER TABLE ONLY public.auth_user_groups
    ADD CONSTRAINT auth_user_groups_group_id_97559544_fk_auth_group_id FOREIGN KEY (group_id) REFERENCES public.auth_group(id) DEFERRABLE INITIALLY DEFERRED;


--
-- Name: auth_user_groups auth_user_groups_user_id_6a12ed8b_fk_auth_user_id; Type: FK CONSTRAINT; Schema: public; Owner: postgres
--

ALTER TABLE ONLY public.auth_user_groups
    ADD CONSTRAINT auth_user_groups_user_id_6a12ed8b_fk_auth_user_id FOREIGN KEY (user_id) REFERENCES public.auth_user(id) DEFERRABLE INITIALLY DEFERRED;


--
-- Name: auth_user_user_permissions auth_user_user_permi_permission_id_1fbb5f2c_fk_auth_perm; Type: FK CONSTRAINT; Schema: public; Owner: postgres
--

ALTER TABLE ONLY public.auth_user_user_permissions
    ADD CONSTRAINT auth_user_user_permi_permission_id_1fbb5f2c_fk_auth_perm FOREIGN KEY (permission_id) REFERENCES public.auth_permission(id) DEFERRABLE INITIALLY DEFERRED;


--
-- Name: auth_user_user_permissions auth_user_user_permissions_user_id_a95ead1b_fk_auth_user_id; Type: FK CONSTRAINT; Schema: public; Owner: postgres
--

ALTER TABLE ONLY public.auth_user_user_permissions
    ADD CONSTRAINT auth_user_user_permissions_user_id_a95ead1b_fk_auth_user_id FOREIGN KEY (user_id) REFERENCES public.auth_user(id) DEFERRABLE INITIALLY DEFERRED;


--
-- Name: django_admin_log django_admin_log_content_type_id_c4bce8eb_fk_django_co; Type: FK CONSTRAINT; Schema: public; Owner: postgres
--

ALTER TABLE ONLY public.django_admin_log
    ADD CONSTRAINT django_admin_log_content_type_id_c4bce8eb_fk_django_co FOREIGN KEY (content_type_id) REFERENCES public.django_content_type(id) DEFERRABLE INITIALLY DEFERRED;


--
-- Name: django_admin_log django_admin_log_user_id_c564eba6_fk_auth_user_id; Type: FK CONSTRAINT; Schema: public; Owner: postgres
--

ALTER TABLE ONLY public.django_admin_log
    ADD CONSTRAINT django_admin_log_user_id_c564eba6_fk_auth_user_id FOREIGN KEY (user_id) REFERENCES public.auth_user(id) DEFERRABLE INITIALLY DEFERRED;


--
-- Name: ips_choosemyselfdata ips_choosemyselfdata_user_id_9c90e3c2_fk_auth_user_id; Type: FK CONSTRAINT; Schema: public; Owner: postgres
--

ALTER TABLE ONLY public.ips_choosemyselfdata
    ADD CONSTRAINT ips_choosemyselfdata_user_id_9c90e3c2_fk_auth_user_id FOREIGN KEY (user_id) REFERENCES public.auth_user(id) DEFERRABLE INITIALLY DEFERRED;


--
-- Name: ips_letpmchoosedata ips_letpmchoosedata_user_id_587f6224_fk_auth_user_id; Type: FK CONSTRAINT; Schema: public; Owner: postgres
--

ALTER TABLE ONLY public.ips_letpmchoosedata
    ADD CONSTRAINT ips_letpmchoosedata_user_id_587f6224_fk_auth_user_id FOREIGN KEY (user_id) REFERENCES public.auth_user(id) DEFERRABLE INITIALLY DEFERRED;


--
-- Name: ips_profile ips_profile_user_id_7d787602_fk_auth_user_id; Type: FK CONSTRAINT; Schema: public; Owner: postgres
--

ALTER TABLE ONLY public.ips_profile
    ADD CONSTRAINT ips_profile_user_id_7d787602_fk_auth_user_id FOREIGN KEY (user_id) REFERENCES public.auth_user(id) DEFERRABLE INITIALLY DEFERRED;


--
-- Name: ips_questionnaireresponse ips_questionnaireresponse_user_id_31871649_fk_auth_user_id; Type: FK CONSTRAINT; Schema: public; Owner: postgres
--

ALTER TABLE ONLY public.ips_questionnaireresponse
    ADD CONSTRAINT ips_questionnaireresponse_user_id_31871649_fk_auth_user_id FOREIGN KEY (user_id) REFERENCES public.auth_user(id) DEFERRABLE INITIALLY DEFERRED;


--
-- Data for Name: auth_group; Type: TABLE DATA; Schema: public; Owner: postgres
--



--
-- Data for Name: django_content_type; Type: TABLE DATA; Schema: public; Owner: postgres
--

INSERT INTO public.django_content_type (id, app_label, model) VALUES (1, 'admin', 'logentry');
INSERT INTO public.django_content_type (id, app_label, model) VALUES (2, 'auth', 'permission');
INSERT INTO public.django_content_type (id, app_label, model) VALUES (3, 'auth', 'group');
INSERT INTO public.django_content_type (id, app_label, model) VALUES (4, 'auth', 'user');
INSERT INTO public.django_content_type (id, app_label, model) VALUES (5, 'contenttypes', 'contenttype');
INSERT INTO public.django_content_type (id, app_label, model) VALUES (6, 'sessions', 'session');
INSERT INTO public.django_content_type (id, app_label, model) VALUES (7, 'ips', 'questionnaireresponse');
INSERT INTO public.django_content_type (id, app_label, model) VALUES (8, 'ips', 'choosemyselfdata');
INSERT INTO public.django_content_type (id, app_label, model) VALUES (9, 'ips', 'letpmchoosedata');
INSERT INTO public.django_content_type (id, app_label, model) VALUES (10, 'ips', 'profile');


--
-- Data for Name: auth_permission; Type: TABLE DATA; Schema: public; Owner: postgres
--

INSERT INTO public.auth_permission (id, content_type_id, codename, name) VALUES (1, 1, 'add_logentry', 'Can add log entry');
INSERT INTO public.auth_permission (id, content_type_id, codename, name) VALUES (2, 1, 'change_logentry', 'Can change log entry');
INSERT INTO public.auth_permission (id, content_type_id, codename, name) VALUES (3, 1, 'delete_logentry', 'Can delete log entry');
INSERT INTO public.auth_permission (id, content_type_id, codename, name) VALUES (4, 1, 'view_logentry', 'Can view log entry');
INSERT INTO public.auth_permission (id, content_type_id, codename, name) VALUES (5, 2, 'add_permission', 'Can add permission');
INSERT INTO public.auth_permission (id, content_type_id, codename, name) VALUES (6, 2, 'change_permission', 'Can change permission');
INSERT INTO public.auth_permission (id, content_type_id, codename, name) VALUES (7, 2, 'delete_permission', 'Can delete permission');
INSERT INTO public.auth_permission (id, content_type_id, codename, name) VALUES (8, 2, 'view_permission', 'Can view permission');
INSERT INTO public.auth_permission (id, content_type_id, codename, name) VALUES (9, 3, 'add_group', 'Can add group');
INSERT INTO public.auth_permission (id, content_type_id, codename, name) VALUES (10, 3, 'change_group', 'Can change group');
INSERT INTO public.auth_permission (id, content_type_id, codename, name) VALUES (11, 3, 'delete_group', 'Can delete group');
INSERT INTO public.auth_permission (id, content_type_id, codename, name) VALUES (12, 3, 'view_group', 'Can view group');
INSERT INTO public.auth_permission (id, content_type_id, codename, name) VALUES (13, 4, 'add_user', 'Can add user');
INSERT INTO public.auth_permission (id, content_type_id, codename, name) VALUES (14, 4, 'change_user', 'Can change user');
INSERT INTO public.auth_permission (id, content_type_id, codename, name) VALUES (15, 4, 'delete_user', 'Can delete user');
INSERT INTO public.auth_permission (id, content_type_id, codename, name) VALUES (16, 4, 'view_user', 'Can view user');
INSERT INTO public.auth_permission (id, content_type_id, codename, name) VALUES (17, 5, 'add_contenttype', 'Can add content type');
INSERT INTO public.auth_permission (id, content_type_id, codename, name) VALUES (18, 5, 'change_contenttype', 'Can change content type');
INSERT INTO public.auth_permission (id, content_type_id, codename, name) VALUES (19, 5, 'delete_contenttype', 'Can delete content type');
INSERT INTO public.auth_permission (id, content_type_id, codename, name) VALUES (20, 5, 'view_contenttype', 'Can view content type');
INSERT INTO public.auth_permission (id, content_type_id, codename, name) VALUES (21, 6, 'add_session', 'Can add session');
INSERT INTO public.auth_permission (id, content_type_id, codename, name) VALUES (22, 6, 'change_session', 'Can change session');
INSERT INTO public.auth_permission (id, content_type_id, codename, name) VALUES (23, 6, 'delete_session', 'Can delete session');
INSERT INTO public.auth_permission (id, content_type_id, codename, name) VALUES (24, 6, 'view_session', 'Can view session');
INSERT INTO public.auth_permission (id, content_type_id, codename, name) VALUES (25, 7, 'add_questionnaireresponse', 'Can add questionnaire response');
INSERT INTO public.auth_permission (id, content_type_id, codename, name) VALUES (26, 7, 'change_questionnaireresponse', 'Can change questionnaire response');
INSERT INTO public.auth_permission (id, content_type_id, codename, name) VALUES (27, 7, 'delete_questionnaireresponse', 'Can delete questionnaire response');
INSERT INTO public.auth_permission (id, content_type_id, codename, name) VALUES (28, 7, 'view_questionnaireresponse', 'Can view questionnaire response');
INSERT INTO public.auth_permission (id, content_type_id, codename, name) VALUES (29, 8, 'add_choosemyselfdata', 'Can add choose myself data');
INSERT INTO public.auth_permission (id, content_type_id, codename, name) VALUES (30, 8, 'change_choosemyselfdata', 'Can change choose myself data');
INSERT INTO public.auth_permission (id, content_type_id, codename, name) VALUES (31, 8, 'delete_choosemyselfdata', 'Can delete choose myself data');
INSERT INTO public.auth_permission (id, content_type_id, codename, name) VALUES (32, 8, 'view_choosemyselfdata', 'Can view choose myself data');
INSERT INTO public.auth_permission (id, content_type_id, codename, name) VALUES (33, 9, 'add_letpmchoosedata', 'Can add let pm choose data');
INSERT INTO public.auth_permission (id, content_type_id, codename, name) VALUES (34, 9, 'change_letpmchoosedata', 'Can change let pm choose data');
INSERT INTO public.auth_permission (id, content_type_id, codename, name) VALUES (35, 9, 'delete_letpmchoosedata', 'Can delete let pm choose data');
INSERT INTO public.auth_permission (id, content_type_id, codename, name) VALUES (36, 9, 'view_letpmchoosedata', 'Can view let pm choose data');
INSERT INTO public.auth_permission (id, content_type_id, codename, name) VALUES (37, 10, 'add_profile', 'Can add profile');
INSERT INTO public.auth_permission (id, content_type_id, codename, name) VALUES (38, 10, 'change_profile', 'Can change profile');
INSERT INTO public.auth_permission (id, content_type_id, codename, name) VALUES (39, 10, 'delete_profile', 'Can delete profile');
INSERT INTO public.auth_permission (id, content_type_id, codename, name) VALUES (40, 10, 'view_profile', 'Can view profile');


--
-- Data for Name: auth_group_permissions; Type: TABLE DATA; Schema: public; Owner: postgres
--



--
-- Data for Name: auth_user; Type: TABLE DATA; Schema: public; Owner: postgres
--

INSERT INTO public.auth_user (id, password, last_login, is_superuser, username, last_name, email, is_staff, is_active, date_joined, first_name) VALUES (1, 'pbkdf2_sha256$600000$ZpRLqYVyfC1mIjJT7vGnoi$Z/WA8InOHi0vvXyWoA8T7kllPrKHmpkeg+rtW4CH6Jg=', '2025-02-04 22:12:20.647707+00', true, 'bardi', '', '', true, true, '2024-06-07 15:42:38+00', '');
INSERT INTO public.auth_user (id, password, last_login, is_superuser, username, last_name, email, is_staff, is_active, date_joined, first_name) VALUES (3, 'pbkdf2_sha256$600000$emGjzMAOd2dM4MxdiefV5k$uWgSCvZwGbgzYcM5ues1Ce+1j3geH0wFUcjWknQQl4I=', '2025-04-08 17:19:06.963766+00', true, 'bardia', '', '', true, true, '2024-06-17 21:41:46.405918+00', '');
INSERT INTO public.auth_user (id, password, last_login, is_superuser, username, last_name, email, is_staff, is_active, date_joined, first_name) VALUES (5, 'pbkdf2_sha256$600000$61yEQONriCZl3PcE0lieVL$fx3BUhEDmDS1ooIr9olSR6azbOvlogJ9mO81EJdkA+c=', '2024-07-03 04:47:17.754265+00', false, 'oelassaad', '', 'oelassaad@aviso.ca', true, true, '2024-07-02 22:22:07+00', '');
INSERT INTO public.auth_user (id, password, last_login, is_superuser, username, last_name, email, is_staff, is_active, date_joined, first_name) VALUES (8, 'pbkdf2_sha256$600000$djqK7tbS6kN7UwUlWrjXzw$Jj0qhvkAdXyf2pmXdx0incp9PK9QPK+KUKzzMaVJGQk=', '2025-04-23 19:42:47.318234+00', false, 'bhiggins', 'Higgins', 'bhiggins@aviso.ca', false, true, '2025-04-08 17:18:28+00', 'Brian');


--
-- Data for Name: auth_user_groups; Type: TABLE DATA; Schema: public; Owner: postgres
--



--
-- Data for Name: auth_user_user_permissions; Type: TABLE DATA; Schema: public; Owner: postgres
--

INSERT INTO public.auth_user_user_permissions (id, user_id, permission_id) VALUES (21, 5, 21);
INSERT INTO public.auth_user_user_permissions (id, user_id, permission_id) VALUES (22, 5, 22);
INSERT INTO public.auth_user_user_permissions (id, user_id, permission_id) VALUES (23, 5, 23);
INSERT INTO public.auth_user_user_permissions (id, user_id, permission_id) VALUES (24, 5, 24);
INSERT INTO public.auth_user_user_permissions (id, user_id, permission_id) VALUES (25, 5, 25);
INSERT INTO public.auth_user_user_permissions (id, user_id, permission_id) VALUES (26, 5, 26);
INSERT INTO public.auth_user_user_permissions (id, user_id, permission_id) VALUES (27, 5, 27);
INSERT INTO public.auth_user_user_permissions (id, user_id, permission_id) VALUES (28, 5, 28);
INSERT INTO public.auth_user_user_permissions (id, user_id, permission_id) VALUES (29, 5, 29);
INSERT INTO public.auth_user_user_permissions (id, user_id, permission_id) VALUES (30, 5, 30);
INSERT INTO public.auth_user_user_permissions (id, user_id, permission_id) VALUES (31, 5, 31);
INSERT INTO public.auth_user_user_permissions (id, user_id, permission_id) VALUES (32, 5, 32);
INSERT INTO public.auth_user_user_permissions (id, user_id, permission_id) VALUES (33, 5, 33);
INSERT INTO public.auth_user_user_permissions (id, user_id, permission_id) VALUES (34, 5, 34);
INSERT INTO public.auth_user_user_permissions (id, user_id, permission_id) VALUES (35, 5, 35);
INSERT INTO public.auth_user_user_permissions (id, user_id, permission_id) VALUES (36, 5, 36);
INSERT INTO public.auth_user_user_permissions (id, user_id, permission_id) VALUES (37, 5, 37);
INSERT INTO public.auth_user_user_permissions (id, user_id, permission_id) VALUES (38, 5, 38);
INSERT INTO public.auth_user_user_permissions (id, user_id, permission_id) VALUES (39, 5, 39);
INSERT INTO public.auth_user_user_permissions (id, user_id, permission_id) VALUES (40, 5, 40);
INSERT INTO public.auth_user_user_permissions (id, user_id, permission_id) VALUES (41, 1, 1);
INSERT INTO public.auth_user_user_permissions (id, user_id, permission_id) VALUES (42, 1, 2);
INSERT INTO public.auth_user_user_permissions (id, user_id, permission_id) VALUES (43, 1, 3);
INSERT INTO public.auth_user_user_permissions (id, user_id, permission_id) VALUES (44, 1, 4);
INSERT INTO public.auth_user_user_permissions (id, user_id, permission_id) VALUES (45, 1, 5);
INSERT INTO public.auth_user_user_permissions (id, user_id, permission_id) VALUES (46, 1, 6);
INSERT INTO public.auth_user_user_permissions (id, user_id, permission_id) VALUES (47, 1, 7);
INSERT INTO public.auth_user_user_permissions (id, user_id, permission_id) VALUES (48, 1, 8);
INSERT INTO public.auth_user_user_permissions (id, user_id, permission_id) VALUES (49, 1, 9);
INSERT INTO public.auth_user_user_permissions (id, user_id, permission_id) VALUES (50, 1, 10);
INSERT INTO public.auth_user_user_permissions (id, user_id, permission_id) VALUES (51, 1, 11);
INSERT INTO public.auth_user_user_permissions (id, user_id, permission_id) VALUES (52, 1, 12);
INSERT INTO public.auth_user_user_permissions (id, user_id, permission_id) VALUES (53, 1, 13);
INSERT INTO public.auth_user_user_permissions (id, user_id, permission_id) VALUES (54, 1, 14);
INSERT INTO public.auth_user_user_permissions (id, user_id, permission_id) VALUES (55, 1, 15);
INSERT INTO public.auth_user_user_permissions (id, user_id, permission_id) VALUES (56, 1, 16);
INSERT INTO public.auth_user_user_permissions (id, user_id, permission_id) VALUES (57, 1, 17);
INSERT INTO public.auth_user_user_permissions (id, user_id, permission_id) VALUES (58, 1, 18);
INSERT INTO public.auth_user_user_permissions (id, user_id, permission_id) VALUES (59, 1, 19);
INSERT INTO public.auth_user_user_permissions (id, user_id, permission_id) VALUES (60, 1, 20);
INSERT INTO public.auth_user_user_permissions (id, user_id, permission_id) VALUES (61, 1, 21);
INSERT INTO public.auth_user_user_permissions (id, user_id, permission_id) VALUES (62, 1, 22);
INSERT INTO public.auth_user_user_permissions (id, user_id, permission_id) VALUES (63, 1, 23);
INSERT INTO public.auth_user_user_permissions (id, user_id, permission_id) VALUES (64, 1, 24);
INSERT INTO public.auth_user_user_permissions (id, user_id, permission_id) VALUES (65, 1, 25);
INSERT INTO public.auth_user_user_permissions (id, user_id, permission_id) VALUES (66, 1, 26);
INSERT INTO public.auth_user_user_permissions (id, user_id, permission_id) VALUES (67, 1, 27);
INSERT INTO public.auth_user_user_permissions (id, user_id, permission_id) VALUES (68, 1, 28);
INSERT INTO public.auth_user_user_permissions (id, user_id, permission_id) VALUES (69, 1, 29);
INSERT INTO public.auth_user_user_permissions (id, user_id, permission_id) VALUES (70, 1, 30);
INSERT INTO public.auth_user_user_permissions (id, user_id, permission_id) VALUES (71, 1, 31);
INSERT INTO public.auth_user_user_permissions (id, user_id, permission_id) VALUES (72, 1, 32);
INSERT INTO public.auth_user_user_permissions (id, user_id, permission_id) VALUES (73, 1, 33);
INSERT INTO public.auth_user_user_permissions (id, user_id, permission_id) VALUES (74, 1, 34);
INSERT INTO public.auth_user_user_permissions (id, user_id, permission_id) VALUES (75, 1, 35);
INSERT INTO public.auth_user_user_permissions (id, user_id, permission_id) VALUES (76, 1, 36);
INSERT INTO public.auth_user_user_permissions (id, user_id, permission_id) VALUES (77, 1, 37);
INSERT INTO public.auth_user_user_permissions (id, user_id, permission_id) VALUES (78, 1, 38);
INSERT INTO public.auth_user_user_permissions (id, user_id, permission_id) VALUES (79, 1, 39);
INSERT INTO public.auth_user_user_permissions (id, user_id, permission_id) VALUES (80, 1, 40);


--
-- Data for Name: django_admin_log; Type: TABLE DATA; Schema: public; Owner: postgres
--

INSERT INTO public.django_admin_log (id, object_id, object_repr, action_flag, change_message, content_type_id, user_id, action_time) VALUES (1, '2', 'kareem', 3, '', 4, 1, '2024-07-02 22:21:52.724382+00');
INSERT INTO public.django_admin_log (id, object_id, object_repr, action_flag, change_message, content_type_id, user_id, action_time) VALUES (2, '4', 'oelassaad', 3, '', 4, 1, '2024-07-02 22:21:58.235844+00');
INSERT INTO public.django_admin_log (id, object_id, object_repr, action_flag, change_message, content_type_id, user_id, action_time) VALUES (3, '5', 'oelassaad', 2, '[]', 4, 1, '2024-07-02 22:24:32.656717+00');
INSERT INTO public.django_admin_log (id, object_id, object_repr, action_flag, change_message, content_type_id, user_id, action_time) VALUES (4, '5', 'oelassaad', 2, '[{"changed": {"fields": ["Staff status"]}}]', 4, 1, '2024-07-02 22:24:50.597614+00');
INSERT INTO public.django_admin_log (id, object_id, object_repr, action_flag, change_message, content_type_id, user_id, action_time) VALUES (5, '5', 'oelassaad', 2, '[{"changed": {"fields": ["User permissions"]}}]', 4, 1, '2024-07-02 22:25:14.089237+00');
INSERT INTO public.django_admin_log (id, object_id, object_repr, action_flag, change_message, content_type_id, user_id, action_time) VALUES (6, '2', 'oelassaad - Approved', 2, '[{"changed": {"fields": ["Is approved"]}}]', 10, 1, '2024-07-02 22:26:59.126531+00');
INSERT INTO public.django_admin_log (id, object_id, object_repr, action_flag, change_message, content_type_id, user_id, action_time) VALUES (7, '5', 'oelassaad', 2, '[{"changed": {"fields": ["User permissions"]}}]', 4, 5, '2024-07-02 22:37:53.19645+00');
INSERT INTO public.django_admin_log (id, object_id, object_repr, action_flag, change_message, content_type_id, user_id, action_time) VALUES (8, '3', 'bardi - Approved', 2, '[{"changed": {"fields": ["Is approved"]}}]', 10, 1, '2024-07-02 22:45:48.969095+00');
INSERT INTO public.django_admin_log (id, object_id, object_repr, action_flag, change_message, content_type_id, user_id, action_time) VALUES (9, '1', 'bardi', 2, '[{"changed": {"fields": ["User permissions"]}}]', 4, 1, '2024-07-02 22:45:58.457181+00');
INSERT INTO public.django_admin_log (id, object_id, object_repr, action_flag, change_message, content_type_id, user_id, action_time) VALUES (10, '4', 'bianca - Approved', 2, '[{"changed": {"fields": ["Is approved"]}}]', 10, 1, '2024-07-03 02:59:54.506334+00');
INSERT INTO public.django_admin_log (id, object_id, object_repr, action_flag, change_message, content_type_id, user_id, action_time) VALUES (11, '6', 'bianca', 3, '', 4, 1, '2024-07-03 03:00:54.221894+00');
INSERT INTO public.django_admin_log (id, object_id, object_repr, action_flag, change_message, content_type_id, user_id, action_time) VALUES (12, '7', 'biancab', 3, '', 4, 1, '2024-07-03 03:00:54.229405+00');
INSERT INTO public.django_admin_log (id, object_id, object_repr, action_flag, change_message, content_type_id, user_id, action_time) VALUES (13, '42476', 'bardi - CMS Fee - CMS Fee', 3, '', 8, 1, '2024-11-07 21:55:22.184097+00');
INSERT INTO public.django_admin_log (id, object_id, object_repr, action_flag, change_message, content_type_id, user_id, action_time) VALUES (14, '42475', 'bardi - Desired Rate - Desired Rate', 3, '', 8, 1, '2024-11-07 21:55:22.191096+00');
INSERT INTO public.django_admin_log (id, object_id, object_repr, action_flag, change_message, content_type_id, user_id, action_time) VALUES (15, '42474', 'bardi - Comments - Comments', 3, '', 8, 1, '2024-11-07 21:55:22.1971+00');
INSERT INTO public.django_admin_log (id, object_id, object_repr, action_flag, change_message, content_type_id, user_id, action_time) VALUES (16, '42473', 'bardi - Client Managed Holdings - ', 3, '', 8, 1, '2024-11-07 21:55:22.204103+00');
INSERT INTO public.django_admin_log (id, object_id, object_repr, action_flag, change_message, content_type_id, user_id, action_time) VALUES (17, '42472', 'bardi -  - Cash', 3, '', 8, 1, '2024-11-07 21:55:22.211103+00');
INSERT INTO public.django_admin_log (id, object_id, object_repr, action_flag, change_message, content_type_id, user_id, action_time) VALUES (18, '17183', 'oelassaad - CMS Fee - CMS Fee', 3, '', 8, 1, '2024-11-07 21:55:22.218118+00');
INSERT INTO public.django_admin_log (id, object_id, object_repr, action_flag, change_message, content_type_id, user_id, action_time) VALUES (19, '17182', 'oelassaad - Desired Rate - Desired Rate', 3, '', 8, 1, '2024-11-07 21:55:22.225123+00');
INSERT INTO public.django_admin_log (id, object_id, object_repr, action_flag, change_message, content_type_id, user_id, action_time) VALUES (20, '17181', 'oelassaad - Comments - Comments', 3, '', 8, 1, '2024-11-07 21:55:22.23267+00');
INSERT INTO public.django_admin_log (id, object_id, object_repr, action_flag, change_message, content_type_id, user_id, action_time) VALUES (21, '17180', 'oelassaad - Client Managed Holdings - 234 - Cash', 3, '', 8, 1, '2024-11-07 21:55:22.238676+00');
INSERT INTO public.django_admin_log (id, object_id, object_repr, action_flag, change_message, content_type_id, user_id, action_time) VALUES (22, '17179', 'oelassaad - 234 - Cash', 3, '', 8, 1, '2024-11-07 21:55:22.245675+00');
INSERT INTO public.django_admin_log (id, object_id, object_repr, action_flag, change_message, content_type_id, user_id, action_time) VALUES (23, '5345', 'bardi - responsible_investing', 3, '', 7, 1, '2024-11-07 21:55:39.069057+00');
INSERT INTO public.django_admin_log (id, object_id, object_repr, action_flag, change_message, content_type_id, user_id, action_time) VALUES (24, '5344', 'bardi - annual_withdrawal', 3, '', 7, 1, '2024-11-07 21:55:39.076057+00');
INSERT INTO public.django_admin_log (id, object_id, object_repr, action_flag, change_message, content_type_id, user_id, action_time) VALUES (25, '5343', 'bardi - liquidity_needs', 3, '', 7, 1, '2024-11-07 21:55:39.083057+00');
INSERT INTO public.django_admin_log (id, object_id, object_repr, action_flag, change_message, content_type_id, user_id, action_time) VALUES (26, '5342', 'bardi - time_horizon', 3, '', 7, 1, '2024-11-07 21:55:39.090058+00');
INSERT INTO public.django_admin_log (id, object_id, object_repr, action_flag, change_message, content_type_id, user_id, action_time) VALUES (27, '5341', 'bardi - investment_knowledge', 3, '', 7, 1, '2024-11-07 21:55:39.097061+00');
INSERT INTO public.django_admin_log (id, object_id, object_repr, action_flag, change_message, content_type_id, user_id, action_time) VALUES (28, '5340', 'bardi - volatility', 3, '', 7, 1, '2024-11-07 21:55:39.105061+00');
INSERT INTO public.django_admin_log (id, object_id, object_repr, action_flag, change_message, content_type_id, user_id, action_time) VALUES (29, '5339', 'bardi - high_risk_opportunities', 3, '', 7, 1, '2024-11-07 21:55:39.112568+00');
INSERT INTO public.django_admin_log (id, object_id, object_repr, action_flag, change_message, content_type_id, user_id, action_time) VALUES (30, '5338', 'bardi - reaction_to_drop', 3, '', 7, 1, '2024-11-07 21:55:39.119569+00');
INSERT INTO public.django_admin_log (id, object_id, object_repr, action_flag, change_message, content_type_id, user_id, action_time) VALUES (31, '5337', 'bardi - recovery_period', 3, '', 7, 1, '2024-11-07 21:55:39.126568+00');
INSERT INTO public.django_admin_log (id, object_id, object_repr, action_flag, change_message, content_type_id, user_id, action_time) VALUES (32, '5336', 'bardi - investment_loss', 3, '', 7, 1, '2024-11-07 21:55:39.134568+00');
INSERT INTO public.django_admin_log (id, object_id, object_repr, action_flag, change_message, content_type_id, user_id, action_time) VALUES (33, '5335', 'bardi - risk_tolerance', 3, '', 7, 1, '2024-11-07 21:55:39.141568+00');
INSERT INTO public.django_admin_log (id, object_id, object_repr, action_flag, change_message, content_type_id, user_id, action_time) VALUES (34, '5334', 'bardi - emergency_fund', 3, '', 7, 1, '2024-11-07 21:55:39.148571+00');
INSERT INTO public.django_admin_log (id, object_id, object_repr, action_flag, change_message, content_type_id, user_id, action_time) VALUES (35, '5333', 'bardi - spending_needs', 3, '', 7, 1, '2024-11-07 21:55:39.156573+00');
INSERT INTO public.django_admin_log (id, object_id, object_repr, action_flag, change_message, content_type_id, user_id, action_time) VALUES (36, '5332', 'bardi - income_savings', 3, '', 7, 1, '2024-11-07 21:55:39.163079+00');
INSERT INTO public.django_admin_log (id, object_id, object_repr, action_flag, change_message, content_type_id, user_id, action_time) VALUES (37, '5331', 'bardi - annual_income', 3, '', 7, 1, '2024-11-07 21:55:39.170579+00');
INSERT INTO public.django_admin_log (id, object_id, object_repr, action_flag, change_message, content_type_id, user_id, action_time) VALUES (38, '5330', 'bardi - investment_goals', 3, '', 7, 1, '2024-11-07 21:55:39.177033+00');
INSERT INTO public.django_admin_log (id, object_id, object_repr, action_flag, change_message, content_type_id, user_id, action_time) VALUES (39, '5329', 'bardi - client_identifier', 3, '', 7, 1, '2024-11-07 21:55:39.183593+00');
INSERT INTO public.django_admin_log (id, object_id, object_repr, action_flag, change_message, content_type_id, user_id, action_time) VALUES (40, '5328', 'bardi - advisor_name', 3, '', 7, 1, '2024-11-07 21:55:39.189592+00');
INSERT INTO public.django_admin_log (id, object_id, object_repr, action_flag, change_message, content_type_id, user_id, action_time) VALUES (41, '4528', 'oelassaad - responsible_investing', 3, '', 7, 1, '2024-11-07 21:55:39.196593+00');
INSERT INTO public.django_admin_log (id, object_id, object_repr, action_flag, change_message, content_type_id, user_id, action_time) VALUES (42, '4527', 'oelassaad - annual_withdrawal', 3, '', 7, 1, '2024-11-07 21:55:39.202593+00');
INSERT INTO public.django_admin_log (id, object_id, object_repr, action_flag, change_message, content_type_id, user_id, action_time) VALUES (43, '4526', 'oelassaad - liquidity_needs', 3, '', 7, 1, '2024-11-07 21:55:39.209593+00');
INSERT INTO public.django_admin_log (id, object_id, object_repr, action_flag, change_message, content_type_id, user_id, action_time) VALUES (44, '4525', 'oelassaad - time_horizon', 3, '', 7, 1, '2024-11-07 21:55:39.216297+00');
INSERT INTO public.django_admin_log (id, object_id, object_repr, action_flag, change_message, content_type_id, user_id, action_time) VALUES (45, '4524', 'oelassaad - investment_knowledge', 3, '', 7, 1, '2024-11-07 21:55:39.222296+00');
INSERT INTO public.django_admin_log (id, object_id, object_repr, action_flag, change_message, content_type_id, user_id, action_time) VALUES (46, '4523', 'oelassaad - volatility', 3, '', 7, 1, '2024-11-07 21:55:39.228297+00');
INSERT INTO public.django_admin_log (id, object_id, object_repr, action_flag, change_message, content_type_id, user_id, action_time) VALUES (47, '4522', 'oelassaad - high_risk_opportunities', 3, '', 7, 1, '2024-11-07 21:55:39.235297+00');
INSERT INTO public.django_admin_log (id, object_id, object_repr, action_flag, change_message, content_type_id, user_id, action_time) VALUES (48, '4521', 'oelassaad - reaction_to_drop', 3, '', 7, 1, '2024-11-07 21:55:39.2413+00');
INSERT INTO public.django_admin_log (id, object_id, object_repr, action_flag, change_message, content_type_id, user_id, action_time) VALUES (49, '4520', 'oelassaad - recovery_period', 3, '', 7, 1, '2024-11-07 21:55:39.249192+00');
INSERT INTO public.django_admin_log (id, object_id, object_repr, action_flag, change_message, content_type_id, user_id, action_time) VALUES (50, '4519', 'oelassaad - investment_loss', 3, '', 7, 1, '2024-11-07 21:55:39.255191+00');
INSERT INTO public.django_admin_log (id, object_id, object_repr, action_flag, change_message, content_type_id, user_id, action_time) VALUES (51, '4518', 'oelassaad - risk_tolerance', 3, '', 7, 1, '2024-11-07 21:55:39.262191+00');
INSERT INTO public.django_admin_log (id, object_id, object_repr, action_flag, change_message, content_type_id, user_id, action_time) VALUES (52, '4517', 'oelassaad - emergency_fund', 3, '', 7, 1, '2024-11-07 21:55:39.268222+00');
INSERT INTO public.django_admin_log (id, object_id, object_repr, action_flag, change_message, content_type_id, user_id, action_time) VALUES (53, '4516', 'oelassaad - spending_needs', 3, '', 7, 1, '2024-11-07 21:55:39.275226+00');
INSERT INTO public.django_admin_log (id, object_id, object_repr, action_flag, change_message, content_type_id, user_id, action_time) VALUES (54, '4515', 'oelassaad - income_savings', 3, '', 7, 1, '2024-11-07 21:55:39.282225+00');
INSERT INTO public.django_admin_log (id, object_id, object_repr, action_flag, change_message, content_type_id, user_id, action_time) VALUES (55, '4514', 'oelassaad - annual_income', 3, '', 7, 1, '2024-11-07 21:55:39.288226+00');
INSERT INTO public.django_admin_log (id, object_id, object_repr, action_flag, change_message, content_type_id, user_id, action_time) VALUES (56, '4513', 'oelassaad - investment_goals', 3, '', 7, 1, '2024-11-07 21:55:39.295704+00');
INSERT INTO public.django_admin_log (id, object_id, object_repr, action_flag, change_message, content_type_id, user_id, action_time) VALUES (57, '4512', 'oelassaad - client_identifier', 3, '', 7, 1, '2024-11-07 21:55:39.301704+00');
INSERT INTO public.django_admin_log (id, object_id, object_repr, action_flag, change_message, content_type_id, user_id, action_time) VALUES (58, '4511', 'oelassaad - advisor_name', 3, '', 7, 1, '2024-11-07 21:55:39.308703+00');
INSERT INTO public.django_admin_log (id, object_id, object_repr, action_flag, change_message, content_type_id, user_id, action_time) VALUES (59, '8', 'bhiggins', 1, '[{"added": {}}]', 4, 3, '2025-04-08 17:18:28.298407+00');
INSERT INTO public.django_admin_log (id, object_id, object_repr, action_flag, change_message, content_type_id, user_id, action_time) VALUES (60, '8', 'bhiggins', 2, '[{"changed": {"fields": ["First name", "Last name", "Email address"]}}]', 4, 3, '2025-04-08 17:19:36.325253+00');
INSERT INTO public.django_admin_log (id, object_id, object_repr, action_flag, change_message, content_type_id, user_id, action_time) VALUES (61, '7', 'bhiggins - Approved', 2, '[{"changed": {"fields": ["Is approved"]}}]', 10, 3, '2025-04-08 17:20:28.683027+00');


--
-- Data for Name: django_migrations; Type: TABLE DATA; Schema: public; Owner: postgres
--

INSERT INTO public.django_migrations (id, app, name, applied) VALUES (1, 'contenttypes', '0001_initial', '2024-06-07 15:42:29.497807+00');
INSERT INTO public.django_migrations (id, app, name, applied) VALUES (2, 'auth', '0001_initial', '2024-06-07 15:42:29.521499+00');
INSERT INTO public.django_migrations (id, app, name, applied) VALUES (3, 'admin', '0001_initial', '2024-06-07 15:42:29.540949+00');
INSERT INTO public.django_migrations (id, app, name, applied) VALUES (4, 'admin', '0002_logentry_remove_auto_add', '2024-06-07 15:42:29.55862+00');
INSERT INTO public.django_migrations (id, app, name, applied) VALUES (5, 'admin', '0003_logentry_add_action_flag_choices', '2024-06-07 15:42:29.569623+00');
INSERT INTO public.django_migrations (id, app, name, applied) VALUES (6, 'contenttypes', '0002_remove_content_type_name', '2024-06-07 15:42:29.599629+00');
INSERT INTO public.django_migrations (id, app, name, applied) VALUES (7, 'auth', '0002_alter_permission_name_max_length', '2024-06-07 15:42:29.612629+00');
INSERT INTO public.django_migrations (id, app, name, applied) VALUES (8, 'auth', '0003_alter_user_email_max_length', '2024-06-07 15:42:29.625647+00');
INSERT INTO public.django_migrations (id, app, name, applied) VALUES (9, 'auth', '0004_alter_user_username_opts', '2024-06-07 15:42:29.636645+00');
INSERT INTO public.django_migrations (id, app, name, applied) VALUES (10, 'auth', '0005_alter_user_last_login_null', '2024-06-07 15:42:29.649644+00');
INSERT INTO public.django_migrations (id, app, name, applied) VALUES (11, 'auth', '0006_require_contenttypes_0002', '2024-06-07 15:42:29.655645+00');
INSERT INTO public.django_migrations (id, app, name, applied) VALUES (12, 'auth', '0007_alter_validators_add_error_messages', '2024-06-07 15:42:29.668282+00');
INSERT INTO public.django_migrations (id, app, name, applied) VALUES (13, 'auth', '0008_alter_user_username_max_length', '2024-06-07 15:42:29.682068+00');
INSERT INTO public.django_migrations (id, app, name, applied) VALUES (14, 'auth', '0009_alter_user_last_name_max_length', '2024-06-07 15:42:29.695778+00');
INSERT INTO public.django_migrations (id, app, name, applied) VALUES (15, 'auth', '0010_alter_group_name_max_length', '2024-06-07 15:42:29.70799+00');
INSERT INTO public.django_migrations (id, app, name, applied) VALUES (16, 'auth', '0011_update_proxy_permissions', '2024-06-07 15:42:29.718638+00');
INSERT INTO public.django_migrations (id, app, name, applied) VALUES (17, 'auth', '0012_alter_user_first_name_max_length', '2024-06-07 15:42:29.731324+00');
INSERT INTO public.django_migrations (id, app, name, applied) VALUES (18, 'ips', '0001_initial', '2024-06-07 15:42:29.749323+00');
INSERT INTO public.django_migrations (id, app, name, applied) VALUES (19, 'sessions', '0001_initial', '2024-06-07 15:42:29.764323+00');
INSERT INTO public.django_migrations (id, app, name, applied) VALUES (20, 'ips', '0002_choosemyselfdata', '2024-06-18 23:02:25.857505+00');
INSERT INTO public.django_migrations (id, app, name, applied) VALUES (21, 'ips', '0003_choosemyselfdata_version_number', '2024-06-25 03:27:32.920438+00');
INSERT INTO public.django_migrations (id, app, name, applied) VALUES (22, 'ips', '0004_letpmchoosedata', '2024-07-02 05:08:01.086324+00');
INSERT INTO public.django_migrations (id, app, name, applied) VALUES (23, 'ips', '0005_letpmchoosedata_additional_info', '2024-07-02 05:30:44.503093+00');
INSERT INTO public.django_migrations (id, app, name, applied) VALUES (24, 'ips', '0006_alter_choosemyselfdata_strategy', '2024-07-02 19:38:36.437231+00');
INSERT INTO public.django_migrations (id, app, name, applied) VALUES (25, 'ips', '0007_profile', '2024-07-02 22:17:06.523491+00');


--
-- Data for Name: django_session; Type: TABLE DATA; Schema: public; Owner: postgres
--

INSERT INTO public.django_session (session_key, session_data, expire_date) VALUES ('uacilmurt7a33jqz0jct38jg74g7yo5x', '.eJxVjEEOwiAQRe_C2hBGhhZcuvcMhGGmUjUlKe3KeHdD0oVu_3vvv1VM-1bi3mSNM6uLAnX63Sjlpywd8CMt96pzXbZ1Jt0VfdCmb5XldT3cv4OSWuk1IPpgBDIYnxEnJBhs8MDJjCwWmAQmkfMQkEbrswSCgA4DiXPeqM8X0qU3eg:1sGKUa:eZRQ4M2Q_YoBHSSAj8Vl2GlefaeZvTbWGwtIpv6sCK0', '2024-06-23 15:30:00.882959+00');
INSERT INTO public.django_session (session_key, session_data, expire_date) VALUES ('f9d3h7lw59zxs4z29lytwq9dwxj3aa26', '.eJxVjEEOwiAQRe_C2hBGhhZcuvcMhGGmUjUlKe3KeHdD0oVu_3vvv1VM-1bi3mSNM6uLAnX63Sjlpywd8CMt96pzXbZ1Jt0VfdCmb5XldT3cv4OSWuk1IPpgBDIYnxEnJBhs8MDJjCwWmAQmkfMQkEbrswSCgA4DiXPeqM8X0qU3eg:1sJDq3:XyiDGuAPzUf-aD2_E2MvFKvgLjBch2IjXfTA4KNF0p0', '2024-07-01 15:00:07.222583+00');
INSERT INTO public.django_session (session_key, session_data, expire_date) VALUES ('5j8s9gexqfk4y9lqpke71vkycxn2qvi5', '.eJxVjEEOwiAQRe_C2hBGhhZcuvcMhGGmUjUlKe3KeHdD0oVu_3vvv1VM-1bi3mSNM6uLAnX63Sjlpywd8CMt96pzXbZ1Jt0VfdCmb5XldT3cv4OSWuk1IPpgBDIYnxEnJBhs8MDJjCwWmAQmkfMQkEbrswSCgA4DiXPeqM8X0qU3eg:1sGmnu:IalAWBMRlGXT2QSFqhg9Ugagpi_i373pstPuNdFW0Mo', '2024-06-24 21:43:50.270152+00');
INSERT INTO public.django_session (session_key, session_data, expire_date) VALUES ('92pm5vm9gtqexum5gohbzcyjib1i6lcu', 'e30:1sOm8Z:qnXvHdU2pZ7yZoarvjmSAkk1WGIYrIIHi5hu7EoADeg', '2024-07-16 22:38:11.758328+00');
INSERT INTO public.django_session (session_key, session_data, expire_date) VALUES ('gahn9akihhdxm5j6p5584xjemykuw6m9', 'e30:1sOm9P:Fr6NUiQeTBeSCrUkACw2aSsKvv1Rt02slpsdpxFLF3U', '2024-07-16 22:39:03.670414+00');
INSERT INTO public.django_session (session_key, session_data, expire_date) VALUES ('sya0b0bjhza757a913scd5pmwhb7hirh', 'e30:1sOmAN:e9qv5tT-B7-HtCVSGSSXk2lzux9PAvCtGGuXRP61WlQ', '2024-07-16 22:40:03.583014+00');
INSERT INTO public.django_session (session_key, session_data, expire_date) VALUES ('opjlqtzs4k4m38jrtss39ysg77jj3hpr', '.eJxVjEEOwiAQRe_C2pBCB0Zcuu8ZyACDVA0kpV0Z765NutDtf-_9l_C0rcVvnRc_J3ERSpx-t0DxwXUH6U711mRsdV3mIHdFHrTLqSV-Xg_376BQL99aO5dUhmHUGUcdlTszhmidZeWsAR4Sk7EqATJZTWNGNBAMOwuAhCDeH8n6Ny8:1sOran:JYa2Gz4MET5AaxJZILMfwlHR2M_vkNU8mU6L5M_4_50', '2024-07-17 04:27:41.186815+00');
INSERT INTO public.django_session (session_key, session_data, expire_date) VALUES ('mt73b26ppowxt41xg7ztjp5goqmajosy', '.eJxVjMEOwiAQRP-FsyFtYSl49N5vILuwSNVAUtqT8d9tkx70Npn3Zt7C47ZmvzVe_BzFVYC4_HaE4cnlAPGB5V5lqGVdZpKHIk_a5FQjv26n-3eQseV9HYiCMkE5IoRIJiJQ2mMaRujYBjCqTwjWDdSDIq05jczasaOOjE3i8wUi1Dkp:1sOrtl:8oEDu_2keeKWNxGl1UYWsR67HXNJ4_eqv-lDyKUuOTM', '2024-07-17 04:47:17.766663+00');
INSERT INTO public.django_session (session_key, session_data, expire_date) VALUES ('jue6epegn2ai8yhsg4q5a9jch2nb7uff', '.eJxVjEEOwiAQRe_C2pBCB0Zcuu8ZyACDVA0kpV0Z765NutDtf-_9l_C0rcVvnRc_J3ERSpx-t0DxwXUH6U711mRsdV3mIHdFHrTLqSV-Xg_376BQL99aO5dUhmHUGUcdlTszhmidZeWsAR4Sk7EqATJZTWNGNBAMOwuAhCDeH8n6Ny8:1sOruM:yJBZV2SuV5aJvALhR0TjDKKnHfrZWu5DfyekCU5EWsA', '2024-07-17 04:47:54.504661+00');
INSERT INTO public.django_session (session_key, session_data, expire_date) VALUES ('x3qhlvt37m5duocbjkoqppx8vyhga6xy', '.eJxVjEEOwiAQRe_C2pBCB0Zcuu8ZyACDVA0kpV0Z765NutDtf-_9l_C0rcVvnRc_J3ERSpx-t0DxwXUH6U711mRsdV3mIHdFHrTLqSV-Xg_376BQL99aO5dUhmHUGUcdlTszhmidZeWsAR4Sk7EqATJZTWNGNBAMOwuAhCDeH8n6Ny8:1sOry5:ovZsye5JURWc1gxTRP5DIRY9HBVdGda_5NrzQXMmf1Y', '2024-07-17 04:51:45.927855+00');
INSERT INTO public.django_session (session_key, session_data, expire_date) VALUES ('ge0mo1t5w64pv6c3ja3tj2bcpo6smgun', '.eJxVjEEOwiAQRe_C2pBCB0Zcuu8ZyACDVA0kpV0Z765NutDtf-_9l_C0rcVvnRc_J3ERSpx-t0DxwXUH6U711mRsdV3mIHdFHrTLqSV-Xg_376BQL99aO5dUhmHUGUcdlTszhmidZeWsAR4Sk7EqATJZTWNGNBAMOwuAhCDeH8n6Ny8:1sOsaa:NF1CgETWhvW0NIs-CWilBX8U6-sCA2VN0SAwtjEgOQ0', '2024-07-17 05:31:32.875354+00');
INSERT INTO public.django_session (session_key, session_data, expire_date) VALUES ('bpx2vc7vd6qoxf32mmem9ebnjxe6vsv9', '.eJxVjEEOwiAQRe_C2pBCB0Zcuu8ZyACDVA0kpV0Z765NutDtf-_9l_C0rcVvnRc_J3ERSpx-t0DxwXUH6U711mRsdV3mIHdFHrTLqSV-Xg_376BQL99aO5dUhmHUGUcdlTszhmidZeWsAR4Sk7EqATJZTWNGNBAMOwuAhCDeH8n6Ny8:1sP4Uo:wj0FOQvvV4UJ6U6Go3EyZKcIc3SbUJULMfU_w2mGJlQ', '2024-07-17 18:14:22.752808+00');
INSERT INTO public.django_session (session_key, session_data, expire_date) VALUES ('am22puqfm8le0psr3zwduw6j1yhynx9s', '.eJxVjEEOwiAQRe_C2pBCB0Zcuu8ZyACDVA0kpV0Z765NutDtf-_9l_C0rcVvnRc_J3ERSpx-t0DxwXUH6U711mRsdV3mIHdFHrTLqSV-Xg_376BQL99aO5dUhmHUGUcdlTszhmidZeWsAR4Sk7EqATJZTWNGNBAMOwuAhCDeH8n6Ny8:1sPmCg:ynVwf1pn259X3AyRyncczonJ0dZYPpa_yGMr3yu6_jQ', '2024-07-19 16:54:34.714555+00');
INSERT INTO public.django_session (session_key, session_data, expire_date) VALUES ('9hpbi8knqf1dvlhf2lh9se35je556thz', '.eJxVjEEOwiAQRe_C2pBCB0Zcuu8ZyACDVA0kpV0Z765NutDtf-_9l_C0rcVvnRc_J3ERSpx-t0DxwXUH6U711mRsdV3mIHdFHrTLqSV-Xg_376BQL99aO5dUhmHUGUcdlTszhmidZeWsAR4Sk7EqATJZTWNGNBAMOwuAhCDeH8n6Ny8:1sUqtK:wyMJJSnQ49vAgPVUznfvhx1ap_c1lKWPW1HmwnCtV98', '2024-08-02 16:55:34.095637+00');
INSERT INTO public.django_session (session_key, session_data, expire_date) VALUES ('5w50vvbrxipr2qqu2eqk25kc3mjg3lf1', '.eJxVjEEOwiAQRe_C2pBCB0Zcuu8ZyACDVA0kpV0Z765NutDtf-_9l_C0rcVvnRc_J3ERSpx-t0DxwXUH6U711mRsdV3mIHdFHrTLqSV-Xg_376BQL99aO5dUhmHUGUcdlTszhmidZeWsAR4Sk7EqATJZTWNGNBAMOwuAhCDeH8n6Ny8:1sV2Xm:uGTDmrfcLQq42aGklXVe3Y3ZSIMMPKBFnmwImY-FZ0E', '2024-08-03 05:22:06.728902+00');
INSERT INTO public.django_session (session_key, session_data, expire_date) VALUES ('wwod1f01hmw3b0mce8aupofl49sder3k', '.eJxVjEEOwiAQRe_C2pBCB0Zcuu8ZyACDVA0kpV0Z765NutDtf-_9l_C0rcVvnRc_J3ERSpx-t0DxwXUH6U711mRsdV3mIHdFHrTLqSV-Xg_376BQL99aO5dUhmHUGUcdlTszhmidZeWsAR4Sk7EqATJZTWNGNBAMOwuAhCDeH8n6Ny8:1sV2bG:k6DRUS5WtNyiwmrBEJeT4cWP4kvSYD9V59wmkepGYx4', '2024-08-03 05:25:42.670868+00');
INSERT INTO public.django_session (session_key, session_data, expire_date) VALUES ('kte7aactqw28lan0hspd2h1f83jjcwl5', '.eJxVjEEOwiAQRe_C2pBCB0Zcuu8ZyACDVA0kpV0Z765NutDtf-_9l_C0rcVvnRc_J3ERSpx-t0DxwXUH6U711mRsdV3mIHdFHrTLqSV-Xg_376BQL99aO5dUhmHUGUcdlTszhmidZeWsAR4Sk7EqATJZTWNGNBAMOwuAhCDeH8n6Ny8:1shAiL:7jhixyttKcmsaSfpg7ACrRKbtrFts4RZymLBWcEY7bE', '2024-09-05 16:31:09.758587+00');
INSERT INTO public.django_session (session_key, session_data, expire_date) VALUES ('vhgxz4xx4oo4oqze2q3efrvxww12s2gi', '.eJxVjEEOwiAQRe_C2pBCB0Zcuu8ZyACDVA0kpV0Z765NutDtf-_9l_C0rcVvnRc_J3ERSpx-t0DxwXUH6U711mRsdV3mIHdFHrTLqSV-Xg_376BQL99aO5dUhmHUGUcdlTszhmidZeWsAR4Sk7EqATJZTWNGNBAMOwuAhCDeH8n6Ny8:1ssqGP:Um68UIkW54Of7eybk3HG9wUYSAkae9fGSE_BOPrPmcI', '2024-10-07 21:06:33.561086+00');
INSERT INTO public.django_session (session_key, session_data, expire_date) VALUES ('ri1vy7anr9ku0eydxfdpszycpes9kmx7', '.eJxVjEEOwiAQRe_C2pBCB0Zcuu8ZyACDVA0kpV0Z765NutDtf-_9l_C0rcVvnRc_J3ERSpx-t0DxwXUH6U711mRsdV3mIHdFHrTLqSV-Xg_376BQL99aO5dUhmHUGUcdlTszhmidZeWsAR4Sk7EqATJZTWNGNBAMOwuAhCDeH8n6Ny8:1t17Mn:pZtCLwT79G0hkt1NH-WIJ3zfsmyV0v6ga-QcYgdn_EY', '2024-10-30 16:59:21.181143+00');
INSERT INTO public.django_session (session_key, session_data, expire_date) VALUES ('de2h77zvveu7gu372cd4umws894qynip', '.eJxVjEEOwiAQRe_C2pBCB0Zcuu8ZyACDVA0kpV0Z765NutDtf-_9l_C0rcVvnRc_J3ERSpx-t0DxwXUH6U711mRsdV3mIHdFHrTLqSV-Xg_376BQL99aO5dUhmHUGUcdlTszhmidZeWsAR4Sk7EqATJZTWNGNBAMOwuAhCDeH8n6Ny8:1t95en:S-7v6cRYQqSBDfl4r8iWHclKQa-pNBKcCY8Eg4s-U6Y', '2024-11-21 16:46:53.622839+00');
INSERT INTO public.django_session (session_key, session_data, expire_date) VALUES ('pknt9ejpd8scs8lm5utnbrlb5qzfwkjf', '.eJxVjEEOwiAQRe_C2pBCB0Zcuu8ZyACDVA0kpV0Z765NutDtf-_9l_C0rcVvnRc_J3ERSpx-t0DxwXUH6U711mRsdV3mIHdFHrTLqSV-Xg_376BQL99aO5dUhmHUGUcdlTszhmidZeWsAR4Sk7EqATJZTWNGNBAMOwuAhCDeH8n6Ny8:1tFzgm:DU5FggXJMwI2bLlecWp_xIP4VK0MbRwcpb1Wrv_qn-M', '2024-12-10 17:49:28.388821+00');
INSERT INTO public.django_session (session_key, session_data, expire_date) VALUES ('1a9yqhbnw136b8ipeumxbp62cfd476p9', '.eJxVjEEOwiAQRe_C2pBCB0Zcuu8ZyACDVA0kpV0Z765NutDtf-_9l_C0rcVvnRc_J3ERSpx-t0DxwXUH6U711mRsdV3mIHdFHrTLqSV-Xg_376BQL99aO5dUhmHUGUcdlTszhmidZeWsAR4Sk7EqATJZTWNGNBAMOwuAhCDeH8n6Ny8:1tUsov:wv4a5Z_q-ctxIdyroTovEpmB1Yp9E8NSYtIzO7LjkRU', '2025-01-20 19:31:25.820614+00');
INSERT INTO public.django_session (session_key, session_data, expire_date) VALUES ('5zmcoin7kbyur843yh0b4v570ncjz8ia', '.eJxVjEEOwiAQRe_C2pBCB0Zcuu8ZyACDVA0kpV0Z765NutDtf-_9l_C0rcVvnRc_J3ERSpx-t0DxwXUH6U711mRsdV3mIHdFHrTLqSV-Xg_376BQL99aO5dUhmHUGUcdlTszhmidZeWsAR4Sk7EqATJZTWNGNBAMOwuAhCDeH8n6Ny8:1ta03f:TTSOoRplxeb-r04Nm-_jAkZumFd0Zw73p3CpSsvdC98', '2025-02-03 22:15:47.822115+00');
INSERT INTO public.django_session (session_key, session_data, expire_date) VALUES ('41fzijjy2xvtsz77q2osoeyka5r117g6', '.eJxVjEEOwiAQRe_C2pBCB0Zcuu8ZyACDVA0kpV0Z765NutDtf-_9l_C0rcVvnRc_J3ERSpx-t0DxwXUH6U711mRsdV3mIHdFHrTLqSV-Xg_376BQL99aO5dUhmHUGUcdlTszhmidZeWsAR4Sk7EqATJZTWNGNBAMOwuAhCDeH8n6Ny8:1tfR9Y:0Ospder7zWP-csSrw1gZVwpcDAHlMjlSe-DWaWPcroE', '2025-02-18 22:12:20.672242+00');


--
-- Data for Name: ips_choosemyselfdata; Type: TABLE DATA; Schema: public; Owner: postgres
--

INSERT INTO public.ips_choosemyselfdata (id, account_owner, account_type, amount, user_id, version_number, strategy) VALUES (54820, '23424', 'Cash', 234242, 1, '1', 'Aviso 5-year Bond Ladder (Income)');
INSERT INTO public.ips_choosemyselfdata (id, account_owner, account_type, amount, user_id, version_number, strategy) VALUES (54821, 'Client-directed Holdings ', '23424 - Cash', 0, 1, '1', 'Client Managed');
INSERT INTO public.ips_choosemyselfdata (id, account_owner, account_type, amount, user_id, version_number, strategy) VALUES (54822, 'Comments', 'Comments', 0, 1, '1', 'dfg');
INSERT INTO public.ips_choosemyselfdata (id, account_owner, account_type, amount, user_id, version_number, strategy) VALUES (54823, 'Desired Rate', 'Desired Rate', 0.8, 1, '1', 'Desired Rate');
INSERT INTO public.ips_choosemyselfdata (id, account_owner, account_type, amount, user_id, version_number, strategy) VALUES (54824, 'CMS Fee', 'CMS Fee', 0, 1, '1', 'CMS Fee');
INSERT INTO public.ips_choosemyselfdata (id, account_owner, account_type, amount, user_id, version_number, strategy) VALUES (54825, 'IPS Changes', 'IPS Changes', 0, 1, '1', 'test');


--
-- Data for Name: ips_letpmchoosedata; Type: TABLE DATA; Schema: public; Owner: postgres
--

INSERT INTO public.ips_letpmchoosedata (id, account_owner, account_type, amount, "timestamp", user_id, additional_info) VALUES (2740, 'Bill', 'Cash', 5000, '2025-04-23 19:39:13.623365+00', 8, NULL);
INSERT INTO public.ips_letpmchoosedata (id, account_owner, account_type, amount, "timestamp", user_id, additional_info) VALUES (2741, 'Desired Trailer Rate', 'Desired Trailer Rate', 2, '2025-04-23 19:39:13.626321+00', 8, NULL);
INSERT INTO public.ips_letpmchoosedata (id, account_owner, account_type, amount, "timestamp", user_id, additional_info) VALUES (2742, 'Client-directed Holdings ', 'No', 0, '2025-04-23 19:39:13.628365+00', 8, NULL);
INSERT INTO public.ips_letpmchoosedata (id, account_owner, account_type, amount, "timestamp", user_id, additional_info) VALUES (2743, 'Version Number', 'Version Number', 0, '2025-04-23 19:39:13.630665+00', 8, '1');
INSERT INTO public.ips_letpmchoosedata (id, account_owner, account_type, amount, "timestamp", user_id, additional_info) VALUES (2744, 'Attach Fact Sheets', 'Attach Fact Sheets', 0, '2025-04-23 19:39:13.632426+00', 8, 'No');
INSERT INTO public.ips_letpmchoosedata (id, account_owner, account_type, amount, "timestamp", user_id, additional_info) VALUES (2745, 'PM Comments', 'PM Comments', 0, '2025-04-23 19:39:13.634877+00', 8, '');


--
-- Data for Name: ips_profile; Type: TABLE DATA; Schema: public; Owner: postgres
--

INSERT INTO public.ips_profile (id, is_approved, user_id) VALUES (2, true, 5);
INSERT INTO public.ips_profile (id, is_approved, user_id) VALUES (3, true, 1);
INSERT INTO public.ips_profile (id, is_approved, user_id) VALUES (6, false, 3);
INSERT INTO public.ips_profile (id, is_approved, user_id) VALUES (7, true, 8);


--
-- Data for Name: ips_questionnaireresponse; Type: TABLE DATA; Schema: public; Owner: postgres
--

INSERT INTO public.ips_questionnaireresponse (id, question, answer, score, user_id) VALUES (5418, 'advisor_name', '1', 0, 1);
INSERT INTO public.ips_questionnaireresponse (id, question, answer, score, user_id) VALUES (5419, 'client_identifier', 'bar', 0, 1);
INSERT INTO public.ips_questionnaireresponse (id, question, answer, score, user_id) VALUES (5420, 'investment_goals', 'Legacy planning', 0, 1);
INSERT INTO public.ips_questionnaireresponse (id, question, answer, score, user_id) VALUES (5421, 'annual_income', '4', 4, 1);
INSERT INTO public.ips_questionnaireresponse (id, question, answer, score, user_id) VALUES (5422, 'income_savings', '3', 3, 1);
INSERT INTO public.ips_questionnaireresponse (id, question, answer, score, user_id) VALUES (5423, 'spending_needs', '3', 3, 1);
INSERT INTO public.ips_questionnaireresponse (id, question, answer, score, user_id) VALUES (5424, 'emergency_fund', '3', 0, 1);
INSERT INTO public.ips_questionnaireresponse (id, question, answer, score, user_id) VALUES (5425, 'risk_tolerance', '2', 2, 1);
INSERT INTO public.ips_questionnaireresponse (id, question, answer, score, user_id) VALUES (5426, 'investment_loss', '3', 3, 1);
INSERT INTO public.ips_questionnaireresponse (id, question, answer, score, user_id) VALUES (5427, 'recovery_period', '3', 3, 1);
INSERT INTO public.ips_questionnaireresponse (id, question, answer, score, user_id) VALUES (5428, 'reaction_to_drop', '1', 1, 1);
INSERT INTO public.ips_questionnaireresponse (id, question, answer, score, user_id) VALUES (5429, 'high_risk_opportunities', '3', 3, 1);
INSERT INTO public.ips_questionnaireresponse (id, question, answer, score, user_id) VALUES (5430, 'volatility', '3', 3, 1);
INSERT INTO public.ips_questionnaireresponse (id, question, answer, score, user_id) VALUES (5431, 'investment_knowledge', '3', 3, 1);
INSERT INTO public.ips_questionnaireresponse (id, question, answer, score, user_id) VALUES (5432, 'time_horizon', '3', 3, 1);
INSERT INTO public.ips_questionnaireresponse (id, question, answer, score, user_id) VALUES (5433, 'liquidity_needs', '2', 2, 1);
INSERT INTO public.ips_questionnaireresponse (id, question, answer, score, user_id) VALUES (5434, 'annual_withdrawal', '15000', 0, 1);
INSERT INTO public.ips_questionnaireresponse (id, question, answer, score, user_id) VALUES (5435, 'responsible_investing', 'RI', 0, 1);
INSERT INTO public.ips_questionnaireresponse (id, question, answer, score, user_id) VALUES (5454, 'advisor_name', 'Ronald McDonald', 0, 8);
INSERT INTO public.ips_questionnaireresponse (id, question, answer, score, user_id) VALUES (5455, 'client_identifier', 'Gates', 0, 8);
INSERT INTO public.ips_questionnaireresponse (id, question, answer, score, user_id) VALUES (5456, 'investment_goals', 'Travel', 0, 8);
INSERT INTO public.ips_questionnaireresponse (id, question, answer, score, user_id) VALUES (5457, 'annual_income', '5', 5, 8);
INSERT INTO public.ips_questionnaireresponse (id, question, answer, score, user_id) VALUES (5458, 'income_savings', '3', 3, 8);
INSERT INTO public.ips_questionnaireresponse (id, question, answer, score, user_id) VALUES (5459, 'spending_needs', '3', 3, 8);
INSERT INTO public.ips_questionnaireresponse (id, question, answer, score, user_id) VALUES (5460, 'emergency_fund', '5', 0, 8);
INSERT INTO public.ips_questionnaireresponse (id, question, answer, score, user_id) VALUES (5461, 'risk_tolerance', '3', 3, 8);
INSERT INTO public.ips_questionnaireresponse (id, question, answer, score, user_id) VALUES (5462, 'investment_loss', '5', 5, 8);
INSERT INTO public.ips_questionnaireresponse (id, question, answer, score, user_id) VALUES (5463, 'recovery_period', '1', 1, 8);
INSERT INTO public.ips_questionnaireresponse (id, question, answer, score, user_id) VALUES (5464, 'reaction_to_drop', '3', 3, 8);
INSERT INTO public.ips_questionnaireresponse (id, question, answer, score, user_id) VALUES (5465, 'high_risk_opportunities', '5', 5, 8);
INSERT INTO public.ips_questionnaireresponse (id, question, answer, score, user_id) VALUES (5466, 'volatility', '5', 5, 8);
INSERT INTO public.ips_questionnaireresponse (id, question, answer, score, user_id) VALUES (5467, 'investment_knowledge', '3', 3, 8);
INSERT INTO public.ips_questionnaireresponse (id, question, answer, score, user_id) VALUES (5468, 'time_horizon', '5', 5, 8);
INSERT INTO public.ips_questionnaireresponse (id, question, answer, score, user_id) VALUES (5469, 'liquidity_needs', '2', 2, 8);
INSERT INTO public.ips_questionnaireresponse (id, question, answer, score, user_id) VALUES (5470, 'annual_withdrawal', '10000', 0, 8);
INSERT INTO public.ips_questionnaireresponse (id, question, answer, score, user_id) VALUES (5471, 'responsible_investing', 'RI', 0, 8);


--
-- Name: auth_group_id_seq; Type: SEQUENCE SET; Schema: public; Owner: postgres
--

SELECT pg_catalog.setval('public.auth_group_id_seq', 1, true);


--
-- Name: auth_group_permissions_id_seq; Type: SEQUENCE SET; Schema: public; Owner: postgres
--

SELECT pg_catalog.setval('public.auth_group_permissions_id_seq', 1, true);


--
-- Name: auth_permission_id_seq; Type: SEQUENCE SET; Schema: public; Owner: postgres
--

SELECT pg_catalog.setval('public.auth_permission_id_seq', 40, true);


--
-- Name: auth_user_groups_id_seq; Type: SEQUENCE SET; Schema: public; Owner: postgres
--

SELECT pg_catalog.setval('public.auth_user_groups_id_seq', 1, true);


--
-- Name: auth_user_id_seq; Type: SEQUENCE SET; Schema: public; Owner: postgres
--

SELECT pg_catalog.setval('public.auth_user_id_seq', 8, true);


--
-- Name: auth_user_user_permissions_id_seq; Type: SEQUENCE SET; Schema: public; Owner: postgres
--

SELECT pg_catalog.setval('public.auth_user_user_permissions_id_seq', 80, true);


--
-- Name: django_admin_log_id_seq; Type: SEQUENCE SET; Schema: public; Owner: postgres
--

SELECT pg_catalog.setval('public.django_admin_log_id_seq', 61, true);


--
-- Name: django_content_type_id_seq; Type: SEQUENCE SET; Schema: public; Owner: postgres
--

SELECT pg_catalog.setval('public.django_content_type_id_seq', 10, true);


--
-- Name: django_migrations_id_seq; Type: SEQUENCE SET; Schema: public; Owner: postgres
--

SELECT pg_catalog.setval('public.django_migrations_id_seq', 25, true);


--
-- Name: ips_choosemyselfdata_id_seq; Type: SEQUENCE SET; Schema: public; Owner: postgres
--

SELECT pg_catalog.setval('public.ips_choosemyselfdata_id_seq', 54825, true);


--
-- Name: ips_letpmchoosedata_id_seq; Type: SEQUENCE SET; Schema: public; Owner: postgres
--

SELECT pg_catalog.setval('public.ips_letpmchoosedata_id_seq', 2745, true);


--
-- Name: ips_profile_id_seq; Type: SEQUENCE SET; Schema: public; Owner: postgres
--

SELECT pg_catalog.setval('public.ips_profile_id_seq', 7, true);


--
-- Name: ips_questionnaireresponse_id_seq; Type: SEQUENCE SET; Schema: public; Owner: postgres
--

SELECT pg_catalog.setval('public.ips_questionnaireresponse_id_seq', 5471, true);


--
-- PostgreSQL database dump complete
--
